Submission id,,Status,Started at,Completed at,Reviewed at,Archived at,Time taken,Completion code,Total approvals,Age,Sex,Ethnicity simplified,Country of birth,Country of residence,Nationality,Language,Student status,Employment status,Custom study tncs accepted at
63f66c70931110039fb908cb,,APPROVED,2023-02-22T19:26:50.534000Z,2023-02-22T20:44:38.102000Z,2023-02-22T20:59:53.818000Z,2023-02-22T20:44:38.461708Z,4668,CQXVLPYN,149,25,Male,Asian,United States,United States,United States,English,Yes,"Not in paid work (e.g. homemaker', 'retired or disabled)",
63f66c931832b29f14bff7b2,,APPROVED,2023-02-22T19:27:21.718000Z,2023-02-22T20:27:05.214000Z,2023-02-22T20:38:51.890000Z,2023-02-22T20:27:05.611945Z,3584,CQXVLPYN,4390,35,Male,White,United States,United States,United States,English,No,Full-Time,
63f66cafe1b2cc2db5fe61e5,,APPROVED,2023-02-22T19:29:26.186000Z,2023-02-22T20:18:24.210000Z,2023-02-22T20:26:17.050000Z,2023-02-22T20:18:24.643713Z,2939,CQXVLPYN,2705,33,Male,White,United States,United States,United States,English,DATA_EXPIRED,DATA_EXPIRED,
63f66cc395f89e0c2ac82f09,,APPROVED,2023-02-22T19:28:51.406000Z,2023-02-22T20:03:13.781000Z,2023-02-22T20:10:33.089000Z,2023-02-22T20:03:14.755477Z,2063,CQXVLPYN,1852,27,Male,White,United States,United States,United States,English,Yes,DATA_EXPIRED,
63f66ccb9c231c87ab41a667,,APPROVED,2023-02-22T19:36:22.255000Z,2023-02-22T21:44:28.033000Z,2023-02-22T23:23:33.293000Z,2023-02-22T21:44:28.462434Z,7686,CQXVLPYN,3317,37,Male,White,United States,United States,United States,English,No,Full-Time,
63f66cd42b9db02f9805164b,,APPROVED,2023-02-22T19:28:24.066000Z,2023-02-22T21:16:30.253000Z,2023-02-22T23:23:33.397000Z,2023-02-22T21:16:31.483925Z,6487,CQXVLPYN,366,30,Female,White,United States,United States,United States,English,No,Full-Time,
63f66cd95f0b269f5781f255,,APPROVED,2023-02-22T19:30:04.454000Z,2023-02-22T20:17:20.369000Z,2023-02-22T20:25:32.212000Z,2023-02-22T20:17:41.179710Z,2836,CQXVLPYN,219,37,Male,Mixed,United States,United States,United States,English,No,Full-Time,
63f66d17dd119a25f481f275,,APPROVED,2023-02-22T19:29:27.977000Z,2023-02-22T20:34:09.264000Z,2023-02-22T20:37:40.146000Z,2023-02-22T20:34:09.646385Z,3882,CQXVLPYN,2357,30,Male,White,United States,United States,United States,English,No,Other,
63f66d5f7804be115cd4ae55,,APPROVED,2023-02-22T19:30:39.231000Z,2023-02-22T21:27:42.773000Z,2023-02-22T23:23:33.504000Z,2023-02-22T21:27:43.189039Z,7024,CQXVLPYN,191,33,Male,DATA_EXPIRED,United States,United States,United States,English,No,DATA_EXPIRED,
63f66dab2bd08c6b39689775,,APPROVED,2023-02-22T19:31:59.455000Z,2023-02-22T20:54:38.739000Z,2023-02-22T21:01:25.294000Z,2023-02-22T20:54:39.088423Z,4960,CQXVLPYN,2908,39,Male,White,United States,United States,United States,English,DATA_EXPIRED,DATA_EXPIRED,
63f66f664a2f11721f507aa9,,APPROVED,2023-02-22T19:39:22.059000Z,2023-02-22T21:18:18.854000Z,2023-02-22T23:23:33.621000Z,2023-02-22T21:18:20.371275Z,5937,CQXVLPYN,27,30,Male,White,United States,United States,United States,English,No,Full-Time,
63f66f8e1d746f7068600361,,APPROVED,2023-02-22T19:39:58.056000Z,2023-02-22T20:55:06.798000Z,2023-02-22T21:02:10.882000Z,2023-02-22T20:55:07.138764Z,4509,CQXVLPYN,630,21,Female,Black,United States,United States,United States,English,DATA_EXPIRED,DATA_EXPIRED,
63f67041619d67aee6dfc42b,,APPROVED,2023-02-22T19:43:00.178000Z,2023-02-22T21:39:11.074000Z,2023-02-22T23:23:33.734000Z,2023-02-22T21:39:11.439089Z,6971,NOCODE,1086,23,Female,White,United States,United States,United States,English,No,Part-Time,
63f670bedb984ee8d6bf84f2,,APPROVED,2023-02-22T19:45:02.958000Z,2023-02-22T20:26:02.490000Z,2023-02-22T20:27:11.096000Z,2023-02-22T20:26:02.890210Z,2460,CQXVLPYN,1053,30,DATA_EXPIRED,DATA_EXPIRED,United States,United States,United States,English,DATA_EXPIRED,DATA_EXPIRED,
63f670cf65f08ba21da604e1,,APPROVED,2023-02-22T19:45:21.414000Z,2023-02-22T20:59:09.280000Z,2023-02-22T21:03:56.802000Z,2023-02-22T20:59:09.678347Z,4428,CQXVLPYN,418,23,Female,White,United States,United States,United States,English,No,"Not in paid work (e.g. homemaker', 'retired or disabled)",
63f672ebbb2d5a69a7e08116,,APPROVED,2023-02-22T19:54:24.317000Z,2023-02-22T20:53:38.055000Z,2023-02-22T21:02:51.690000Z,2023-02-22T20:53:38.548000Z,3554,CQXVLPYN,1075,31,Female,White,DATA_EXPIRED,United States,United States,English,DATA_EXPIRED,DATA_EXPIRED,
63f67899ac4940d96d8313fc,,APPROVED,2023-02-22T20:21:25.328000Z,2023-02-22T21:23:34.931000Z,2023-02-22T23:23:33.841000Z,2023-02-22T21:23:35.283337Z,3730,CQXVLPYN,1301,24,Female,White,United States,United States,United States,English,No,"Not in paid work (e.g. homemaker', 'retired or disabled)",
63f679ef7bd71c5886e2f7b1,,APPROVED,2023-02-22T20:24:18.394000Z,2023-02-22T21:22:43.127000Z,2023-02-22T23:23:33.950000Z,2023-02-22T21:22:43.444874Z,3505,CQXVLPYN,741,34,Female,White,United States,United States,United States,English,No,Full-Time,
63f67a6882e0cbe3e4afcabe,,APPROVED,2023-02-22T20:26:20.224000Z,2023-02-22T21:17:49.427000Z,2023-02-22T23:23:34.056000Z,2023-02-22T21:17:49.837561Z,3090,CQXVLPYN,385,19,Male,White,DATA_EXPIRED,United States,United States,English,DATA_EXPIRED,DATA_EXPIRED,
63f67e129f68eeb2a441a6bb,,APPROVED,2023-02-22T20:42:01.515000Z,2023-02-22T22:03:43.121000Z,2023-02-22T23:23:34.162000Z,2023-02-22T22:03:43.513756Z,4902,CQXVLPYN,2569,31,Female,White,"Venezuela, Bolivarian Republic of",United States,United States,English,No,Part-Time,
63f67e4a1822bca8c46ab0a3,,APPROVED,2023-02-22T20:44:04.073000Z,2023-02-22T21:22:35.847000Z,2023-02-22T23:23:34.267000Z,2023-02-22T21:22:36.153345Z,2312,CQXVLPYN,1481,35,Male,White,United States,United States,United States,English,No,Full-Time,
63f67fc50252f9bc0958b33f,,APPROVED,2023-02-22T20:49:13.309000Z,2023-02-22T21:55:53.183000Z,2023-02-22T23:23:34.725000Z,2023-02-22T21:55:54.257218Z,4000,CQXVLPYN,467,23,Female,White,United States,United States,United States,English,No,Full-Time,
63f6808ab13eaae1d44cca06,,APPROVED,2023-02-22T20:52:31.426000Z,2023-02-22T21:50:36.015000Z,2023-02-22T23:23:34.827000Z,2023-02-22T21:50:36.397274Z,3485,CQXVLPYN,593,31,Male,Mixed,United States,United States,United States,English,No,Unemployed (and job seeking),
63f68090562944e6ebf09bf7,,APPROVED,2023-02-22T20:52:36.340000Z,2023-02-22T21:33:23.955000Z,2023-02-22T23:23:34.931000Z,2023-02-22T21:33:24.380642Z,2448,CQXVLPYN,1284,31,Male,White,United States,United States,United States,English,DATA_EXPIRED,DATA_EXPIRED,
63f6819037617bbee241a67c,,APPROVED,2023-02-22T20:56:51.979000Z,2023-02-22T21:56:33.285000Z,2023-02-22T23:23:35.033000Z,2023-02-22T21:56:33.669066Z,3582,CQXVLPYN,214,25,Male,Asian,United States,United States,United States,English,Yes,Part-Time,
63f6828bb0c1a5013399baed,,APPROVED,2023-02-22T21:01:02.712000Z,2023-02-22T21:46:36.106000Z,2023-02-22T23:23:35.133000Z,2023-02-22T21:46:36.520100Z,2734,CQXVLPYN,2107,21,Female,White,United States,United States,United States,English,Yes,Part-Time,
63f685e09234d0aed30f0e8e,,APPROVED,2023-02-22T21:15:22.752000Z,2023-02-22T22:44:05.987000Z,2023-02-22T23:23:35.240000Z,2023-02-22T22:44:06.377070Z,5324,CQXVLPYN,319,39,Male,White,United States,United States,United States,English,No,Full-Time,
63f687dd2b683a30c6b11770,,APPROVED,2023-02-22T21:23:59.660000Z,2023-02-22T22:17:03.254000Z,2023-02-22T23:23:35.340000Z,2023-02-22T22:17:03.576420Z,3184,CQXVLPYN,607,34,Female,White,United States,United States,United States,English,No,Part-Time,
63f6881fa9d97f1701b3bd76,,APPROVED,2023-02-22T21:24:52.133000Z,2023-02-22T22:21:30.817000Z,2023-02-22T23:23:35.444000Z,2023-02-22T22:21:31.210844Z,3399,CQXVLPYN,3074,34,Male,Mixed,United States,United States,United States,English,DATA_EXPIRED,Full-Time,
63f68a5d576aa5c6d723a033,,APPROVED,2023-02-22T21:39:27.419000Z,2023-02-22T23:59:37.185000Z,2023-02-23T03:04:57.191000Z,2023-02-22T23:59:37.588049Z,8410,CQXVLPYN,1255,31,Female,White,United States,United States,United States,English,DATA_EXPIRED,DATA_EXPIRED,
63f68ceefd1d5f194040e4be,,APPROVED,2023-02-22T21:45:22.179000Z,2023-02-22T23:17:15.036000Z,2023-02-22T23:23:35.546000Z,2023-02-22T23:17:15.553642Z,5513,CQXVLPYN,800,25,Female,White,United States,United States,United States,English,No,DATA_EXPIRED,
63f68d773a0535ca81bf850b,,APPROVED,2023-02-22T21:47:40.335000Z,2023-02-22T22:18:57.520000Z,2023-02-22T23:23:35.656000Z,2023-02-22T22:18:57.891615Z,1878,CQXVLPYN,75,30,Female,White,United States,United States,United States,English,No,Unemployed (and job seeking),
63f68db62b2283d79f3bff9f,,APPROVED,2023-02-22T21:49:04.301000Z,2023-02-22T22:25:09.842000Z,2023-02-22T23:23:35.757000Z,2023-02-22T22:25:10.214650Z,2166,CQXVLPYN,500,20,Female,Other,United States,United States,United States,English,Yes,DATA_EXPIRED,
63f68e8f6ee1e47f6c507af7,,APPROVED,2023-02-22T21:52:20.520000Z,2023-02-22T22:45:37.648000Z,2023-02-22T23:23:35.873000Z,2023-02-22T22:45:38.067796Z,3198,CQXVLPYN,56,21,Prefer not to say,Mixed,United States,United States,United States,English,Yes,Other,
63f68f52084c1465c96a9546,,APPROVED,2023-02-22T22:01:31.210000Z,2023-02-22T23:44:44.645000Z,2023-02-23T03:04:57.301000Z,2023-02-22T23:44:45.050496Z,6194,CQXVLPYN,1522,39,Male,DATA_EXPIRED,United States,United States,United States,English,No,DATA_EXPIRED,
63f68f76b0e60e8488d4ae5d,,APPROVED,2023-02-22T21:56:15.337000Z,2023-02-22T23:38:47.515000Z,2023-02-23T03:04:57.405000Z,2023-02-22T23:38:47.877685Z,6153,CQXVLPYN,487,29,Female,Black,Ghana,United States,United States,English,No,"Not in paid work (e.g. homemaker', 'retired or disabled)",
63f69068b2490887e597931f,,APPROVED,2023-02-22T22:02:07.420000Z,2023-02-22T23:08:29.930000Z,2023-02-22T23:23:35.990000Z,2023-02-22T23:08:30.298324Z,3983,CQXVLPYN,1464,27,Male,White,United States,United States,United States,English,Yes,Unemployed (and job seeking),
63f69269b8348c15d4309c31,,APPROVED,2023-02-22T22:16:30.097000Z,2023-02-23T00:35:33.117000Z,2023-02-23T03:04:57.509000Z,2023-02-23T00:35:33.460701Z,8344,CQXVLPYN,605,27,Female,Black,United States,United States,United States,English,No,Unemployed (and job seeking),
63f698b44632c29552aba34d,,APPROVED,2023-02-22T22:35:32.608000Z,2023-02-22T23:39:40.738000Z,2023-02-23T03:04:57.618000Z,2023-02-22T23:39:41.107967Z,3849,CQXVLPYN,2190,28,Female,Asian,United States,United States,United States,English,DATA_EXPIRED,Full-Time,
63f698c66c9fec869c19a775,,APPROVED,2023-02-22T22:36:05.616000Z,2023-02-23T00:47:07.167000Z,2023-02-23T03:04:57.724000Z,2023-02-23T00:47:10.334429Z,7862,CQXVLPYN,104,35,Female,White,United States,United States,United States,English,No,Full-Time,
63f69d2a672ef7c9757ec6f1,,APPROVED,2023-02-22T22:54:38.895000Z,2023-02-23T00:08:40.325000Z,2023-02-23T03:04:57.823000Z,2023-02-23T00:08:41.890971Z,4442,CQXVLPYN,2133,30,Female,White,United States,United States,United States,English,Yes,Full-Time,
63f6a75965b207bb55bf84ea,,APPROVED,2023-02-22T23:38:05.641000Z,2023-02-23T01:15:49.114000Z,2023-02-23T03:04:57.921000Z,2023-02-23T01:15:49.444881Z,5864,CQXVLPYN,776,36,Female,White,United States,United States,United States,English,No,"Not in paid work (e.g. homemaker', 'retired or disabled)",
63f6aafbb19c39fca42ed501,,APPROVED,2023-02-22T23:56:32.510000Z,2023-02-23T00:31:27.871000Z,2023-02-23T03:04:58.022000Z,2023-02-23T00:31:28.231929Z,2096,CQXVLPYN,4802,35,Male,DATA_EXPIRED,United States,United States,United States,English,DATA_EXPIRED,Full-Time,
63f6af273a1ead4448738a64,,APPROVED,2023-02-23T00:13:59.412000Z,2023-02-23T02:13:24.901000Z,2023-02-23T03:04:58.130000Z,2023-02-23T02:13:25.437615Z,7166,CQXVLPYN,690,32,Female,Black,United States,United States,United States,English,No,DATA_EXPIRED,
63f6b1cad3465df1016dccbf,,APPROVED,2023-02-23T00:22:41.413000Z,2023-02-23T01:39:27.232000Z,2023-02-23T03:04:58.235000Z,2023-02-23T01:39:27.648072Z,4606,CQXVLPYN,330,33,Male,Black,United States,United States,United States,English,No,DATA_EXPIRED,
63f6bd963dcc8431f9e2f7cf,,APPROVED,2023-02-23T01:13:15.016000Z,2023-02-23T02:24:43.132000Z,2023-02-23T03:04:58.340000Z,2023-02-23T02:24:43.548396Z,4289,CQXVLPYN,445,29,Male,DATA_EXPIRED,United States,United States,United States,English,DATA_EXPIRED,Full-Time,
63f6c3caef1b8febf67ec6d2,,APPROVED,2023-02-23T01:39:29.274000Z,2023-02-23T03:18:30.500000Z,2023-02-23T13:37:42.559000Z,2023-02-23T03:18:30.844207Z,5942,CQXVLPYN,2249,35,Male,Mixed,United States,United States,United States,English,Yes,DATA_EXPIRED,
63f6ca23f81fd893c07ec6db,,APPROVED,2023-02-23T02:06:40.150000Z,2023-02-23T03:15:49.937000Z,2023-02-23T13:37:42.672000Z,2023-02-23T03:15:50.318661Z,4150,CQXVLPYN,83,22,Male,Asian,United States,United States,United States,English,No,Unemployed (and job seeking),
63f6cee34834e89b96653696,,APPROVED,2023-02-23T02:28:19.049000Z,2023-02-23T03:17:45.019000Z,2023-02-23T13:37:42.778000Z,2023-02-23T03:17:45.354589Z,2966,CQXVLPYN,495,20,Male,White,United States,United States,United States,English,Yes,Part-Time,
63f6d19098d079275e767211,,APPROVED,2023-02-23T02:38:21.096000Z,2023-02-23T04:47:32.676000Z,2023-02-23T13:37:42.877000Z,2023-02-23T04:47:32.991595Z,7752,CQXVLPYN,1241,28,Female,Black,United States,United States,United States,English,No,Unemployed (and job seeking),
63f6da5938bb55817a507afb,,APPROVED,2023-02-23T03:15:52.769000Z,2023-02-23T04:19:24.993000Z,2023-02-23T13:37:42.984000Z,2023-02-23T04:19:25.336453Z,3813,CQXVLPYN,783,22,Female,Black,United States,United States,United States,English,No,Unemployed (and job seeking),
63f6db2c5dc15a48327ec6d7,,APPROVED,2023-02-23T03:19:11.570000Z,2023-02-23T04:22:32.081000Z,2023-02-23T13:37:43.090000Z,2023-02-23T04:22:32.442410Z,3801,CQXVLPYN,1704,34,Male,White,United States,United States,United States,English,DATA_EXPIRED,DATA_EXPIRED,
63f706e7b946379012b3bd25,,APPROVED,2023-02-23T06:25:47.539000Z,2023-02-23T08:02:13.537000Z,2023-02-23T13:37:43.192000Z,2023-02-23T08:02:13.935404Z,5786,CQXVLPYN,3369,33,Male,DATA_EXPIRED,United States,United States,United States,English,DATA_EXPIRED,DATA_EXPIRED,
63f72645023aee28cc7ec6f3,,APPROVED,2023-02-23T08:39:38.776000Z,2023-02-23T09:47:51.119000Z,2023-02-23T13:37:43.301000Z,2023-02-23T09:47:52.601537Z,4093,CQXVLPYN,934,30,Male,Black,United States,United States,United States,English,DATA_EXPIRED,DATA_EXPIRED,
63f769dbb898be107aab972d,,APPROVED,2023-02-23T13:28:01.992000Z,2023-02-23T15:46:34.607000Z,2023-02-23T18:56:10.839000Z,2023-02-23T15:46:35.462680Z,8313,CQXVLPYN,1967,32,Female,Black,United States,United States,United States,English,Yes,Full-Time,
63f7860b721ba65bbabffae9,,APPROVED,2023-02-23T15:28:15.053000Z,2023-02-23T16:11:50.743000Z,2023-02-23T18:56:10.957000Z,2023-02-23T16:11:51.107059Z,2616,CQXVLPYN,67,30,Male,White,United States,United States,United States,English,No,DATA_EXPIRED,
63f792b30f16de4b53e4791d,,APPROVED,2023-02-23T16:22:11.093000Z,2023-02-23T16:58:48.987000Z,2023-02-23T18:56:11.092000Z,2023-02-23T16:59:03.678825Z,2198,CQXVLPYN,156,32,Male,Other,United States,United States,United States,English,No,Full-Time,
63f7afea3d8e8ecd68815cca,,APPROVED,2023-02-23T18:27:00.017000Z,2023-02-23T19:31:24.342000Z,2023-02-23T22:08:17.688000Z,2023-02-23T19:31:28.328258Z,3865,CQXVLPYN,768,31,Male,White,United States,United States,United States,English,DATA_EXPIRED,DATA_EXPIRED,
63f81cf83ccf6ba4a10d0906,,APPROVED,2023-02-24T02:12:16.651000Z,2023-02-24T03:09:18.257000Z,2023-02-24T15:01:09.044000Z,2023-02-24T03:09:18.567936Z,3422,CQXVLPYN,599,31,Male,White,United States,United States,United States,English,No,Unemployed (and job seeking),
63f822f80bf3b480342e922e,,APPROVED,2023-02-24T02:37:48.209000Z,2023-02-24T03:53:55.546000Z,2023-02-24T15:01:09.169000Z,2023-02-24T03:53:56.114500Z,4568,CQXVLPYN,619,24,Male,Other,United States,United States,United States,English,No,Unemployed (and job seeking),
63f86a8eea24595a309ac68c,,APPROVED,2023-02-24T07:43:15.455000Z,2023-02-24T09:06:45.574000Z,2023-02-24T15:01:09.284000Z,2023-02-24T09:06:45.958745Z,5011,CQXVLPYN,359,25,Female,Other,United States,United States,United States,English,No,Unemployed (and job seeking),
63f91c57c84cc04ec14cb227,,APPROVED,2023-02-24T20:21:46.485000Z,2023-02-24T21:02:56.768000Z,2023-02-26T21:28:34.883000Z,2023-02-24T21:02:57.173698Z,2471,CQXVLPYN,1878,30,Male,White,United States,United States,United States,English,No,"Not in paid work (e.g. homemaker', 'retired or disabled)",
63f920765c96e923296c2980,,APPROVED,2023-02-24T20:39:28.937000Z,2023-02-24T21:25:18.415000Z,2023-02-26T21:28:35.006000Z,2023-02-24T21:25:18.824401Z,2750,CQXVLPYN,1720,27,Female,White,United States,United States,United States,English,DATA_EXPIRED,DATA_EXPIRED,
63f935f5fa8fd612032a36cb,,APPROVED,2023-02-24T22:11:04.555000Z,2023-02-24T23:03:59.493000Z,2023-02-26T21:28:35.115000Z,2023-02-24T23:04:01.645111Z,3175,CQXVLPYN,461,33,Female,White,United States,United States,United States,English,No,Full-Time,
63f9d65605fe3a17ea612aeb,,APPROVED,2023-02-25T09:35:18.399000Z,2023-02-25T10:35:35.119000Z,2023-02-26T21:28:35.228000Z,2023-02-25T10:35:35.462150Z,3617,CQXVLPYN,885,30,Male,White,United States,United States,United States,English,No,Unemployed (and job seeking),
63fa4e03fde9aad04eda217c,,APPROVED,2023-02-25T18:06:01.608000Z,2023-02-25T19:16:52.392000Z,2023-02-26T21:28:35.340000Z,2023-02-25T19:16:52.788922Z,4251,CQXVLPYN,80,37,Female,White,United States,United States,United States,English,No,DATA_EXPIRED,
63fa5a1f8100bd2e75757a4e,,APPROVED,2023-02-25T18:57:39.311000Z,2023-02-25T20:04:16.381000Z,2023-02-26T21:28:35.463000Z,2023-02-25T20:04:16.778405Z,3998,CQXVLPYN,297,29,Female,Mixed,United States,United States,United States,English,No,DATA_EXPIRED,
63fbac862cf9c60aaaa9c523,,APPROVED,2023-02-26T19:01:34.072000Z,2023-02-26T20:01:49.353000Z,2023-02-26T21:28:35.570000Z,2023-02-26T20:01:49.754735Z,3616,CBB20LCV,3929,29,Female,White,United States,United States,United States,English,Yes,Full-Time,
63fcfedad634cdbfb426af86,,APPROVED,2023-02-27T19:05:00.662000Z,2023-02-27T20:14:00.540000Z,2023-02-28T16:46:10.322000Z,2023-02-27T20:14:00.952893Z,4140,CQXVLPYN,113,23,Male,White,United States,United States,United States,English,No,Full-Time,
63fd35777799723fefb36bce,,APPROVED,2023-02-27T22:58:04.534000Z,2023-02-28T00:03:44.027000Z,2023-02-28T16:46:10.424000Z,2023-02-28T00:04:17.188219Z,3940,CQXVLPYN,272,28,Female,White,United States,United States,United States,English,No,DATA_EXPIRED,
63fd8f3c34c40dae1b3977f2,,APPROVED,2023-02-28T05:21:04.282000Z,2023-02-28T06:11:15.291000Z,2023-02-28T16:46:10.517000Z,2023-02-28T06:11:15.677696Z,3012,CQXVLPYN,1086,28,Female,White,United States,United States,United States,English,No,DATA_EXPIRED,
63fe293c2b17862c1ca68894,,APPROVED,2023-02-28T16:25:23.386000Z,2023-02-28T18:10:46.963000Z,2023-02-28T18:55:50.375000Z,2023-02-28T18:10:47.316299Z,6324,CQXVLPYN,1469,28,Male,White,United States,United States,United States,English,No,Full-Time,
63fe391afc124502a73be632,,APPROVED,2023-02-28T17:25:51.836000Z,2023-02-28T18:06:02.149000Z,2023-02-28T18:55:50.483000Z,2023-02-28T18:06:02.567109Z,2411,CQXVLPYN,56,20,Male,White,United States,United States,United States,English,Yes,Part-Time,
63fe55a32dc12dab6c2085dc,,APPROVED,2023-02-28T19:27:35.117000Z,2023-02-28T20:30:11.194000Z,2023-02-28T21:53:50.945000Z,2023-02-28T20:30:11.580152Z,3757,CQXVLPYN,236,31,Female,White,United States,United States,United States,English,No,Full-Time,
63feafb9437d82ec83cb7b54,,APPROVED,2023-03-01T01:51:59.154000Z,2023-03-01T03:47:03.698000Z,2023-03-01T14:52:26.592000Z,2023-03-01T03:47:04.039915Z,6905,CQXVLPYN,771,39,Female,White,United States,United States,United States,English,DATA_EXPIRED,DATA_EXPIRED,
63feb90e707cd35428f0734e,,APPROVED,2023-03-01T02:31:46.815000Z,2023-03-01T03:30:32.379000Z,2023-03-01T14:52:26.727000Z,2023-03-01T03:30:32.774476Z,3526,CQXVLPYN,117,25,Female,White,United States,United States,United States,English,No,Full-Time,
63ffcd80c205813a1368278c,,APPROVED,2023-03-01T22:11:18.575000Z,2023-03-01T23:48:02.484000Z,2023-03-02T12:50:28.600000Z,2023-03-01T23:48:02.855278Z,5804,CQXVLPYN,639,30,Female,Black,United States,United States,United States,English,No,Unemployed (and job seeking),
64004e0fda7a9eeb261289b3,,APPROVED,2023-03-02T07:20:14.804000Z,2023-03-02T08:29:52.597000Z,2023-03-02T12:50:28.703000Z,2023-03-02T08:29:52.976242Z,4178,CQXVLPYN,2165,23,Female,White,United States,United States,United States,English,No,DATA_EXPIRED,
64008cdaccc6b9374e1af424,,APPROVED,2023-03-02T11:47:42.314000Z,2023-03-02T12:21:34.353000Z,2023-03-02T12:50:28.805000Z,2023-03-02T12:21:34.711184Z,2033,CQXVLPYN,351,28,Female,White,United States,United States,United States,English,No,DATA_EXPIRED,
6402101671704325babe16c6,,APPROVED,2023-03-03T15:20:01.797000Z,2023-03-03T16:10:26.612000Z,2023-03-03T16:38:27.760000Z,2023-03-03T16:10:26.939690Z,3025,CQXVLPYN,291,27,Female,White,United States,United States,United States,English,No,Full-Time,
64025d3cb97074670837360a,,APPROVED,2023-03-03T20:49:32.416000Z,2023-03-03T21:30:05.346000Z,2023-03-03T21:42:09.637000Z,2023-03-03T21:30:05.726766Z,2433,CQXVLPYN,2417,36,Female,Asian,United States,United States,United States,English,DATA_EXPIRED,Part-Time,
6403a36c026a42ebe81a79f4,,APPROVED,2023-03-04T20:00:49.015000Z,2023-03-04T22:41:31.142000Z,2023-03-06T18:43:23.203000Z,2023-03-04T22:41:31.567500Z,9643,CQXVLPYN,2847,24,Male,Black,United States,United States,United States,English,DATA_EXPIRED,DATA_EXPIRED,
6403a487f6745e9aa7498cf0,,APPROVED,2023-03-04T20:05:35.170000Z,2023-03-04T21:00:54.833000Z,2023-03-06T18:43:23.309000Z,2023-03-04T21:00:55.351661Z,3320,CQXVLPYN,104,37,Female,White,United States,United States,United States,English,DATA_EXPIRED,DATA_EXPIRED,
6409f90b6d4725c93cead170,,APPROVED,2023-03-09T15:19:44.510000Z,2023-03-09T16:17:42.369000Z,2023-03-09T20:49:04.112000Z,2023-03-09T16:17:42.757677Z,3478,NOCODE,586,28,Female,White,United States,United States,United States,English,DATA_EXPIRED,DATA_EXPIRED,
640d0a9def7c58ff6ba9ebfe,,APPROVED,2023-03-11T23:11:49.004000Z,2023-03-12T00:46:21.955000Z,2023-03-18T22:44:53.094000Z,2023-03-12T00:46:22.336137Z,5673,CQXVLPYN,461,25,Male,White,United States,United States,United States,English,No,Unemployed (and job seeking),
6412567f87c74feba44d3965,,APPROVED,2023-03-15T23:36:35.102000Z,2023-03-16T00:56:02.584000Z,2023-03-18T22:44:53.208000Z,2023-03-16T00:56:02.947676Z,4768,CQXVLPYN,1648,33,Female,White,United States,United States,United States,English,No,Full-Time,
641382b9b002d39742b91b89,,APPROVED,2023-03-16T20:57:32.412000Z,2023-03-16T21:47:39.994000Z,2023-03-18T22:44:53.320000Z,2023-03-16T21:47:40.407670Z,3008,CQXVLPYN,1492,39,Female,White,United States,United States,United States,English,DATA_EXPIRED,DATA_EXPIRED,
6423041643bdec1204d14aaa,,APPROVED,2023-03-28T15:13:32.172000Z,2023-03-28T15:52:56.248000Z,2023-04-02T21:36:00.579000Z,2023-03-28T15:52:56.654075Z,2365,CQXVLPYN,1023,24,Male,White,United States,United States,United States,English,No,Full-Time,
644fe0ede5924baf0fcc6cec,,APPROVED,2023-05-01T16:01:29.651000Z,2023-05-01T17:18:15.956000Z,2023-05-15T01:55:38.211000Z,2023-05-01T17:18:16.427788Z,4607,CQXVLPYN,241,22,Male,Other,United States,United States,United States,English,DATA_EXPIRED,DATA_EXPIRED,
64504809772414e175d34f8a,,APPROVED,2023-05-01T23:15:23.179000Z,2023-05-02T00:25:29.377000Z,2023-05-15T01:55:38.340000Z,2023-05-02T00:25:30.352557Z,4207,CQXVLPYN,1937,26,Female,White,United States,United States,United States,English,No,Unemployed (and job seeking),
64a0f628f65f5ca1fcb2ee6f,,APPROVED,2023-07-02T03:59:40.339000Z,2023-07-02T04:38:46.847000Z,2023-07-23T00:00:05.310000Z,2023-07-02T04:38:47.436835Z,2347,CQXVLPYN,1037,24,Male,Black,United States,United States,United States,English,DATA_EXPIRED,DATA_EXPIRED,
63f6700abb324922476536af,,APPROVED,2023-02-22T19:42:54.599000Z,2023-02-23T13:42:25.028000Z,2023-02-23T13:42:25.250000Z,,64771,Manual Completion,3128,34,Male,Black,United States,United States,United States,English,No,DATA_EXPIRED,Not Applicable
63f680bb0a63a7e431815231,,APPROVED,2023-02-22T20:53:23.137000Z,2023-02-23T13:43:23.711000Z,2023-02-23T13:43:23.961000Z,,60601,Manual Completion,1744,33,Female,Mixed,United States,United States,United States,English,DATA_EXPIRED,DATA_EXPIRED,Not Applicable
63f6c4ae152a8263e741a6d8,,RETURNED,2023-02-23T01:43:12.821000Z,,,,,,2188,CONSENT_REVOKED,CONSENT_REVOKED,CONSENT_REVOKED,CONSENT_REVOKED,CONSENT_REVOKED,CONSENT_REVOKED,CONSENT_REVOKED,CONSENT_REVOKED,CONSENT_REVOKED,Not Applicable
63f6d0773d2b51d476b8d946,,RETURNED,2023-02-23T02:33:31.241000Z,,,,,,3014,CONSENT_REVOKED,CONSENT_REVOKED,CONSENT_REVOKED,CONSENT_REVOKED,CONSENT_REVOKED,CONSENT_REVOKED,CONSENT_REVOKED,CONSENT_REVOKED,CONSENT_REVOKED,Not Applicable
63f6d6ac3633c11e20d4ae85,,RETURNED,2023-02-23T02:59:58.997000Z,,,,,,298,CONSENT_REVOKED,CONSENT_REVOKED,CONSENT_REVOKED,CONSENT_REVOKED,CONSENT_REVOKED,CONSENT_REVOKED,CONSENT_REVOKED,CONSENT_REVOKED,CONSENT_REVOKED,Not Applicable
63f77517c4e9dd497f20ce5f,,RETURNED,2023-02-23T14:15:59.279000Z,,,,,,420,CONSENT_REVOKED,CONSENT_REVOKED,CONSENT_REVOKED,CONSENT_REVOKED,CONSENT_REVOKED,CONSENT_REVOKED,CONSENT_REVOKED,CONSENT_REVOKED,CONSENT_REVOKED,Not Applicable
63f7995b57fce169f42db76b,,APPROVED,2023-02-23T16:50:45.626000Z,2023-02-23T22:10:25.610000Z,2023-02-23T22:10:25.827000Z,,19180,Manual Completion,312,37,Female,White,United States,United States,United States,English,DATA_EXPIRED,DATA_EXPIRED,Not Applicable
647115f8f4e2ff31cef83ec5,,RETURNED,2023-05-26T20:26:36.156000Z,,,,,,2669,CONSENT_REVOKED,CONSENT_REVOKED,CONSENT_REVOKED,CONSENT_REVOKED,CONSENT_REVOKED,CONSENT_REVOKED,CONSENT_REVOKED,CONSENT_REVOKED,CONSENT_REVOKED,Not Applicable